Modelo,Top-k,Contexto,total_alerts,hr_total,hr_exact,hr_parent,hr_sub,macro_recall,macro_precision,avg_time_s,avg_tokens,micro_recall,micro_precision
Gemini,5,False,20,70.0,65.0,0.0,5.0,64.17,46.25,10.0815,8879.1,58.33,41.46
Gemini,5,True,20,75.0,70.0,0.0,5.0,69.17,45.42,10.187999999999999,10110.9,62.5,40.0
Gemma,5,False,20,60.0,55.0,0.0,5.0,56.67,37.25,92.659,9234.95,54.17,34.88
Gemma,5,True,20,60.0,50.0,0.0,10.0,56.67,31.83,97.2515,10605.7,54.17,30.0
Gemini,10,False,20,80.0,70.0,0.0,10.0,74.17,42.08,10.664,11434.6,66.67,38.46
Gemini,10,True,20,85.0,80.0,0.0,5.0,79.17,43.75,11.2925,12764.65,75.0,38.33
Gemma,10,False,20,80.0,65.0,5.0,10.0,77.5,39.83,110.94800000000001,9398.55,70.83,32.79
Gemma,10,True,20,80.0,65.0,5.0,10.0,76.67,44.92,113.13250000000001,10674.2,70.83,30.88
